{"cameraMode":{"drawMode":0,"name":"Shaded","section":"Shading Mode"},"sceneLighting":false,"audioPlay":false,"sceneViewState":{"m_AlwaysRefresh":false,"showFog":true,"showSkybox":false,"showFlares":true,"showImageEffects":true,"showParticleSystems":true,"showVisualEffectGraphs":true,"m_FxEnabled":true},"in2DMode":false,"pivot":{"x":-4.814423084259033,"y":2.843247890472412,"z":2.8656575679779054},"rotation":{"x":0.05933041498064995,"y":-0.043386392295360568,"z":0.0026237238198518755,"w":0.9974957704544067},"size":0.4437733292579651,"orthographic":false}