{"cameraMode":{"drawMode":0,"name":"Shaded","section":"Shading Mode"},"sceneLighting":true,"audioPlay":false,"sceneViewState":{"m_AlwaysRefresh":false,"showFog":true,"showSkybox":true,"showFlares":true,"showImageEffects":true,"showParticleSystems":true,"showVisualEffectGraphs":true,"m_FxEnabled":true},"in2DMode":false,"pivot":{"x":-4.673593521118164,"y":1.307128667831421,"z":14.567655563354493},"rotation":{"x":0.1045529842376709,"y":-0.24182556569576264,"z":0.026223957538604738,"w":0.9643325209617615},"size":11.643241882324219,"orthographic":false}